id,first_name,last_name,email,gender,ip_address
1,Brucie,Humphrys,bhumphrys0@t-online.de,Male,58.134.16.48
2,Tilda,Jakubovits,tjakubovits1@imgur.com,Female,227.70.55.4
3,Blanca,Huck,bhuck2@apache.org,Female,226.69.200.154
4,Shanie,Torre,storre3@oakley.com,Female,228.166.13.20
5,Donielle,Guinn,dguinn4@dropbox.com,Female,166.184.216.209
6,Ruben,Fante,rfante5@psu.edu,Male,196.78.122.15
7,Willey,Breakspear,wbreakspear6@parallels.com,Male,182.165.30.130
8,Bastien,McNern,bmcnern7@mysql.com,Male,243.185.38.196
9,Ange,Kindleside,akindleside8@uiuc.edu,Male,162.226.79.90
10,Timmie,De Goey,tdegoey9@digg.com,Female,248.154.216.173
11,Tracie,McKinna,tmckinnaa@yandex.ru,Male,173.145.3.19
12,Stevy,Verdon,sverdonb@nih.gov,Male,111.90.200.51
13,Todd,Roizin,troizinc@google.com.au,Male,208.115.182.205
14,Brendis,Tarbard,btarbardd@marriott.com,Male,59.178.194.226
15,Ozzie,Elger,oelgere@ucsd.edu,Male,2.52.69.53
16,Eliot,Velte,eveltef@exblog.jp,Male,55.63.225.139
17,Lianna,Pickvance,lpickvanceg@bloglines.com,Female,133.215.232.194
18,Phylys,Heinl,pheinlh@comcast.net,Female,156.144.198.6
19,Dalila,Bigglestone,dbigglestonei@yolasite.com,Female,21.163.93.143
20,Gerty,Standering,gstanderingj@nba.com,Female,51.59.79.183
21,Bobbie,Mattedi,bmattedik@facebook.com,Male,132.163.155.100
22,Farlay,Stuck,fstuckl@goo.gl,Male,135.240.150.107
23,Bradly,Handy,bhandym@about.com,Male,254.39.229.154
24,Daile,Matteris,dmatterisn@slate.com,Female,168.16.34.41
25,Andie,Wetherell,awetherello@nps.gov,Female,86.117.155.109
26,Maryjane,Dax,mdaxp@woothemes.com,Female,245.168.166.2
27,Christoph,Flucker,cfluckerq@plala.or.jp,Male,126.209.141.125
28,Brant,Giampietro,bgiampietror@economist.com,Male,64.16.253.184
29,Claudianus,Stannas,cstannass@tinyurl.com,Male,63.2.255.211
30,Carlyle,Cuttings,ccuttingst@symantec.com,Male,204.69.230.129
31,Enrique,Klimus,eklimusu@ed.gov,Male,145.142.227.63
32,Abel,Manach,amanachv@hubpages.com,Male,115.220.78.171
33,Tris,Lamburn,tlamburnw@discuz.net,Male,73.126.128.18
34,Filip,Doggett,fdoggettx@arstechnica.com,Male,29.48.90.9
35,Sheffie,Meace,smeacey@google.com.hk,Male,57.161.148.119
36,Worthington,Giovannazzi,wgiovannazziz@google.de,Male,120.248.252.204
37,Abagael,Stanmore,astanmore10@msu.edu,Female,54.46.123.51
38,Sergio,Willimont,swillimont11@mtv.com,Male,56.155.193.26
39,Billy,Moyle,bmoyle12@census.gov,Male,229.115.147.236
40,Laurent,Butler-Bowdon,lbutlerbowdon13@theguardian.com,Male,206.240.197.178
41,Hendrika,Pulteneye,hpulteneye14@sina.com.cn,Female,42.87.2.191
42,Elihu,Deam,edeam15@sourceforge.net,Male,63.233.139.181
43,Hermina,Lambertz,hlambertz16@washingtonpost.com,Female,231.37.156.73
44,Saxon,Klassmann,sklassmann17@senate.gov,Male,189.108.170.159
45,Jewel,Snoddon,jsnoddon18@exblog.jp,Female,176.59.87.149
46,Giacomo,Wrefford,gwrefford19@blogtalkradio.com,Male,114.127.228.102
47,Bernard,Ludgrove,bludgrove1a@home.pl,Male,13.212.159.88
48,Roby,Liepina,rliepina1b@wikimedia.org,Female,228.176.62.194
49,Ernst,Jouannisson,ejouannisson1c@unesco.org,Male,228.132.167.133
50,Jyoti,Ashbee,jashbee1d@answers.com,Female,39.80.36.159
51,Courtney,Gammel,cgammel1e@google.co.jp,Female,134.198.40.247
52,Fanchette,Bowbrick,fbowbrick1f@auda.org.au,Female,79.160.77.167
53,Alfreda,De Roos,aderoos1g@google.it,Female,32.177.162.211
54,Mikel,Birchall,mbirchall1h@icq.com,Male,236.71.72.119
55,Lee,Pullan,lpullan1i@who.int,Male,225.156.199.201
56,Gregorius,Hargitt,ghargitt1j@com.com,Male,242.85.244.50
57,Charmane,Yellop,cyellop1k@123-reg.co.uk,Female,236.114.240.7
58,Kristoffer,Bennie,kbennie1l@paypal.com,Male,96.119.121.21
59,Danica,Figgen,dfiggen1m@unc.edu,Female,5.246.98.175
60,Jessalyn,A'field,jafield1n@umich.edu,Female,243.21.181.223
61,Ricca,Izard,rizard1o@hao123.com,Female,43.230.166.52
62,Sharity,Noakes,snoakes1p@addthis.com,Female,118.25.237.142
63,Tabbatha,Camlin,tcamlin1q@dedecms.com,Female,219.114.155.125
64,Gwendolen,Ludlom,gludlom1r@theguardian.com,Female,178.76.78.92
65,Shane,O'Sharry,sosharry1s@bloglovin.com,Female,234.231.198.235
66,Beverley,Bridgwood,bbridgwood1t@nydailynews.com,Female,202.191.58.139
67,Alvin,Strephan,astrephan1u@woothemes.com,Male,185.238.124.213
68,Gerianna,Dowe,gdowe1v@independent.co.uk,Female,158.25.168.186
69,Lamond,Satyford,lsatyford1w@microsoft.com,Male,242.111.18.56
70,Burgess,Loadman,bloadman1x@instagram.com,Male,52.119.47.206
71,Travus,Klosterman,tklosterman1y@surveymonkey.com,Male,10.23.192.158
72,Milissent,Redler,mredler1z@delicious.com,Female,214.85.162.132
73,D'arcy,Wynes,dwynes20@wikia.com,Male,62.190.188.14
74,Marguerite,Bedingfield,mbedingfield21@rediff.com,Female,94.176.118.130
75,Elizabeth,Titterrell,etitterrell22@qq.com,Female,254.155.162.105
76,Hendrik,Fedorski,hfedorski23@amazon.com,Male,253.173.39.85
77,Shane,Lukehurst,slukehurst24@hubpages.com,Female,125.84.174.36
78,Stormi,Beardsell,sbeardsell25@dot.gov,Female,197.167.210.112
79,Drucy,Feehily,dfeehily26@domainmarket.com,Female,124.6.25.33
80,Wilek,Sedger,wsedger27@google.com,Male,110.210.62.40
81,Melania,Widdowfield,mwiddowfield28@chicagotribune.com,Female,1.16.93.6
82,Val,Slessar,vslessar29@usnews.com,Female,218.113.239.53
83,Joleen,Stockey,jstockey2a@ustream.tv,Female,2.118.84.167
84,Elvera,Zieme,ezieme2b@spotify.com,Female,50.0.218.10
85,Margit,Kissock,mkissock2c@psu.edu,Female,131.146.24.248
86,Tymothy,Lamburn,tlamburn2d@i2i.jp,Male,61.173.116.242
87,Hanson,Spellward,hspellward2e@sitemeter.com,Male,105.107.140.11
88,Eldin,Balentyne,ebalentyne2f@wikia.com,Male,125.133.63.152
89,Broddy,Schulz,bschulz2g@youtu.be,Male,127.218.107.146
90,Gottfried,Peniman,gpeniman2h@goo.ne.jp,Male,144.119.95.163
91,Fields,Mitchener,fmitchener2i@europa.eu,Male,3.75.216.225
92,Thaddus,Jardin,tjardin2j@army.mil,Male,79.184.56.50
93,Shea,MacClay,smacclay2k@imgur.com,Male,189.22.148.218
94,Mariquilla,Besque,mbesque2l@noaa.gov,Female,6.132.221.178
95,Winifield,Devigne,wdevigne2m@reuters.com,Male,110.16.109.240
96,Rick,Cornehl,rcornehl2n@kickstarter.com,Male,142.100.40.192
97,Ciel,Mathew,cmathew2o@bbc.co.uk,Female,89.162.104.139
98,Karolina,Grolle,kgrolle2p@tinypic.com,Female,55.247.66.28
99,Hersh,Lycett,hlycett2q@comcast.net,Male,185.119.6.161
100,Elysha,Eilhart,eeilhart2r@360.cn,Female,47.38.90.102
