3,Huck, Blanca
5,Guinn, Donielle
17,Pickvance, Lianna
19,Bigglestone, Dalila
25,Wetherell, Andie
37,Stanmore, Abagael
41,Pulteneye, Hendrika
43,Lambertz, Hermina
45,Snoddon, Jewel
51,Gammel, Courtney
53,De Roos, Alfreda
57,Yellop, Charmane
59,Figgen, Danica
61,Izard, Ricca
63,Camlin, Tabbatha
65,O'Sharry, Shane
75,Titterrell, Elizabeth
77,Lukehurst, Shane
79,Feehily, Drucy
81,Widdowfield, Melania
83,Stockey, Joleen
85,Kissock, Margit
97,Mathew, Ciel
105,Dumberrill, Bryna
115,Pinnick, Allie
121,McElwee, Vicky
127,Cackett, Sela
129,Tollfree, Gilda
131,Enderby, Evelyn
135,Crose, Stephenie
137,Wedgwood, Tabina
139,Feek, Cassandra
141,Yekel, Trula
145,Leads, Margalo
151,Trayes, Charmine
153,Neligan, Karissa
155,Spirritt, Rebe
157,Woollaston, Bunni
165,Heyworth, Alissa
173,Cosin, Maurizia
177,Fourman, Maryellen
179,Percy, Alyce
185,Heustace, Perry
189,Fenich, Jeane
191,Huc, Martguerita
195,Haukey, Bathsheba
197,Allcoat, Elianora
203,Byart, Alison
205,McCready, Wandis
209,Caroll, Tallou
213,Halpeine, Meredith
219,Ailmer, Gwenore
221,Innes, Bobina
225,Raimbauld, Kenna
231,Caley, Willie
235,Tolcher, Merilee
239,Monaghan, Bridie
241,Broodes, Kesley
245,Tebbett, Grata
247,Biss, Ardelia
255,Aylott, Shaylyn
257,Reavey, Gaby
261,Axton, Cloris
269,Charrier, Kelley
273,Mohammed, Demetra
277,Souster, Devinne
279,Manuely, Cleopatra
285,Dhennin, Nonah
289,McCarter, Keslie
291,Rawcliffe, Emmalynne
293,Sutton, Marcellina
295,Engley, Rhianon
301,Bilbee, Darcey
309,Yorkston, Nomi
311,Grumell, Georgetta
313,Sirey, Xaviera
315,Rittelmeyer, Rhianon
317,Pickwell, Mead
323,Bramsom, Christina
325,Clows, Trista
329,Kiddy, Theresa
333,Gravenor, Shana
339,Charlewood, Anett
343,Lean, Deny
347,Bebb, Doralyn
353,Bloggett, Elva
357,Matusevich, Christie
361,Lamperd, Helli
363,Hayer, Dulcy
365,Trippack, Issy
367,Brabyn, Ema
373,Phipps, Corabelle
375,Alker, Ulrikaumeko
381,Bastin, Wrennie
383,Yeaman, Debera
387,Guise, Kathie
399,Daleman, Pamela
401,Jorg, Lauraine
405,Primarolo, Joela
411,Juszczyk, Cherida
413,Wigfield, Gates
415,Puddle, Nat
417,Samsworth, Alayne
419,Tams, Arliene
423,Tissier, Evangelina
429,Darrach, Marcie
433,Falck, Katee
441,Cawsey, Luisa
447,Clarson, Lelah
451,Jovey, Ashlan
455,Morgen, Fannie
465,Domini, Libbi
467,Atterbury, Cathie
469,Lohde, Tiffi
471,Tattoo, Breena
479,Balf, Jehanna
487,Applewhaite, Kylie
491,Alywin, Carrie
495,Tarbett, Seline
497,Lynas, Eva
499,Etteridge, Ulrika
503,McArd, Demetria
505,Gras, Jenni
507,Phettis, Dede
509,Poytheras, Opalina
511,Lumsdon, Anitra
513,Breston, Gabie
515,Perelli, Benedetta
519,Harmar, Reeta
523,Yewdell, Lanette
525,Matthaus, Gladi
527,Godding, Ava
533,Learned, Yvonne
539,Fennick, Ibbie
545,Brands, Diandra
549,Hankins, Kyla
551,Hanwell, Codee
557,Howcroft, Andy
561,Mateu, Dotty
563,Noonan, Adorne
571,Steere, Olivette
573,Dilleston, Janessa
575,Crompton, Rafaela
583,Strauss, Harrietta
585,Keers, Doroteya
589,Monteath, Ulla
607,Bossons, Magdalena
611,Dorrian, Sibel
617,Jannaway, Anya
619,Kippen, Gerry
627,Cherrett, Anitra
631,Shedden, Annora
639,Attkins, Rora
649,McGray, Arlie
651,Yielding, Beth
655,Mahomet, Fifine
657,Gerrard, Fae
659,Boutellier, Dulce
661,Jell, Jean
663,St Louis, Elka
665,Ainsworth, Gae
673,Latta, Tedra
675,Barnett, Odille
679,Barwick, Klarrisa
683,Murrells, Vanny
685,Ferrarello, Morganica
693,Janca, Viki
695,Fealy, Neala
697,Kleinsinger, Sadie
699,Wisniowski, Shanie
703,McGown, Malinda
707,Powter, Nanete
715,Koche, Helen
719,Welling, Laurie
721,Walliker, Madeline
725,Penkman, Kayla
727,Bonaire, Shena
731,Quick, Margalo
735,Riediger, Zonnya
737,Dresse, Mari
739,Simmins, Ann-marie
747,Marsden, Cheri
753,Sidwick, Elsa
759,Feaviour, Honor
767,Verdun, Ronda
771,Rawdales, Madelena
775,Dowry, Kit
777,McGoogan, Hedi
779,Offell, Vivyan
781,Hew, Em
785,Wethey, Abby
793,Pepperd, Aubrey
795,Derx, Evangelia
797,Morgon, Tabbi
801,Dungey, Marietta
807,Cosson, Delly
809,Colthurst, Lilian
813,Aspey, Ilyssa
815,Thorrington, Trula
817,Bourdice, Sharla
819,Abbots, Pippa
829,Cristoforo, Dorice
831,Yglesia, Bridget
835,Axten, Celene
841,Money, Carmelia
845,Gilhouley, Helena
847,Oldfield-Cherry, Dareen
853,Longforth, Ebba
855,Bilbrooke, Ingaborg
859,Karpol, Zuzana
867,Rean, Vera
875,McKeurtan, Charlean
883,Bernaert, Pooh
887,Collard, Louella
889,Fitzjohn, Hilde
891,Godson, Masha
893,Gorry, Gillan
897,Wedge, Edna
911,Knightley, Shanta
913,Boustred, Birgitta
915,Heathfield, Karina
919,Avieson, Deidre
921,Schuricht, Audy
923,Clappison, Anette
925,Martignon, Stafani
935,Thompson, Lynnet
939,Swatradge, Judy
945,Malatalant, Deidre
955,Gilhool, Miguela
959,Sprowle, Fred
965,Liebmann, Bonnibelle
967,Balcon, Rici
979,Berre, Marci
981,Cowpe, Flor
989,Stare, Vinny
991,Pockett, May
999,Durrant, Elfrieda
1001,Greenshields, Joye
1003,Cowley, Dale
1007,Tonnesen, Laureen
1009,Abels, Kirsten
1013,Lightwood, Charil
1015,Rouf, Gayla
1017,Upjohn, Mirabella
1019,Degoey, Farica
1029,Emnoney, Gloriane
1031,Holberry, Reeba
1039,Gerrens, Oliy
1041,Enticott, Georgena
1045,Tax, Sandye
1047,Sly, Leonelle
1055,Goldberg, Beverley
1059,Mertel, Bamby
1069,Davydenko, Linell
1077,Huburn, Yovonnda
1083,Tucknott, Veronique
1093,Kerner, Doreen
1101,Ferencz, Kizzee
1103,Cicco, Reta
1109,Buckhurst, Del
1113,Hambright, Luisa
1119,Granleese, Bethina
1127,Everal, Vanya
1129,Balch, Glad
1133,Anker, Natty
1135,Giovanetti, Faythe
1139,Flucker, Danette
1143,Sam, Kizzie
1145,Vick, Katherina
1157,Marushak, Madonna
1159,Henri, Jenny
1161,Hatchell, Emelda
1169,Baylis, Emmey
1171,Gozney, Sianna
1173,Hantusch, Orsola
1177,Monni, Geraldine
1179,Hannigan, Nesta
1181,O'Carran, Brittani
1185,Elderbrant, Gennifer
1191,Batham, Luella
1197,Hubner, Brynne
1199,Dron, Camella
